<elements>
  <summary />
  <remarks />
  <class name="MiniParser" fullname="Mono.Xml.MiniParser" assembly="Mono.Security">
    <summary><![CDATA[MiniParser is a small XML parser. ]]></summary>
    <remarks><![CDATA[As of this writing, this class exists mostly as a base for SecurityParser. SecurityParser is used to create persistent keypairs for the cryptography libraries.]]></remarks>
  </class>
  <class name="MiniParser+AttrListImpl" fullname="Mono.Xml.MiniParser+AttrListImpl" assembly="Mono.Security">
    <summary><![CDATA[To be added.]]></summary>
    <remarks><![CDATA[To be added.]]></remarks>
  </class>
  <class name="MiniParser+HandlerAdapter" fullname="Mono.Xml.MiniParser+HandlerAdapter" assembly="Mono.Security">
    <summary><![CDATA[To be added.]]></summary>
    <remarks><![CDATA[To be added.]]></remarks>
  </class>
  <class name="MiniParser+IAttrList" fullname="Mono.Xml.MiniParser+IAttrList" assembly="Mono.Security">
    <summary><![CDATA[To be added.]]></summary>
    <remarks><![CDATA[To be added.]]></remarks>
  </class>
  <class name="MiniParser+IHandler" fullname="Mono.Xml.MiniParser+IHandler" assembly="Mono.Security">
    <summary><![CDATA[To be added.]]></summary>
    <remarks><![CDATA[To be added.]]></remarks>
  </class>
  <class name="MiniParser+IMutableAttrList" fullname="Mono.Xml.MiniParser+IMutableAttrList" assembly="Mono.Security">
    <summary><![CDATA[To be added.]]></summary>
    <remarks><![CDATA[To be added.]]></remarks>
  </class>
  <class name="MiniParser+IReader" fullname="Mono.Xml.MiniParser+IReader" assembly="Mono.Security">
    <summary><![CDATA[To be added.]]></summary>
    <remarks><![CDATA[To be added.]]></remarks>
  </class>
  <class name="MiniParser+XMLError" fullname="Mono.Xml.MiniParser+XMLError" assembly="Mono.Security">
    <summary><![CDATA[To be added.]]></summary>
    <remarks><![CDATA[To be added.]]></remarks>
  </class>
  <class name="SecurityParser" fullname="Mono.Xml.SecurityParser" assembly="Mono.Security">
    <summary><![CDATA[An XML parser used chiefly to construct <see cref="T:System.Security.SecurityElement" /> objects as part of <see cref="T:Mono.Security.Cryptography.KeyPairPersistence." />]]></summary>
    <remarks><![CDATA[This parser is mostly for internal use by the system libraries.]]></remarks>
  </class>
</elements>